Metric,Mean,Standard Deviation
TN,260.3333333333333,17.61628034896508
FP,115.0,3.605551275463989
FN,57.333333333333336,1.5275252316519465
TP,103.66666666666667,9.073771725877467
Accuracy,0.6781682498171021,0.018256440550323966
Sensitivity,0.6431085940827416,0.02497422666512059
Specificity,0.693205398123431,0.01591721281377743
ROC AUC,0.7079244930185591,0.01660406831575437
F1 Score,0.5454631040275011,0.0236071382475479
