TN,FP,FN,TP,Accuracy,Sensitivity,Specificity,ROC AUC,F1 Score
194,95,37,87,0.6803874092009685,0.7016129032258065,0.671280276816609,0.7433586337760911,0.5686274509803922
208,118,42,98,0.6566523605150214,0.7,0.6380368098159509,0.7287028921998245,0.550561797752809
233,98,46,96,0.6955602536997886,0.676056338028169,0.7039274924471299,0.7435641036551637,0.5714285714285714
