Metric,Mean,Standard Deviation
TN,211.66666666666666,19.75685535031659
FP,103.66666666666667,12.503332889007368
FN,41.666666666666664,4.509249752822894
TP,93.66666666666667,5.8594652770823155
Accuracy,0.6775333411385929,0.019610336978181115
Sensitivity,0.692556413751325,0.014312223389689299
Specificity,0.6710815263598966,0.03294579094070625
ROC AUC,0.7385418765436932,0.008521429701462645
F1 Score,0.5635392733872575,0.01132575491185162
