TN,FP,FN,TP,Accuracy,Sensitivity,Specificity,ROC AUC,F1 Score
207,82,41,83,0.7021791767554479,0.6693548387096774,0.7162629757785467,0.7539066860140641,0.57439446366782
202,124,31,109,0.6673819742489271,0.7785714285714286,0.6196319018404908,0.7752629272567924,0.5844504021447722
253,108,57,98,0.6802325581395349,0.632258064516129,0.7008310249307479,0.7355374854794031,0.5429362880886427
