TN,FP,FN,TP,Accuracy,Sensitivity,Specificity,ROC AUC,F1 Score
278,86,59,97,0.7211538461538461,0.6217948717948718,0.7637362637362637,0.7694597069597069,0.5722713864306785
230,136,40,117,0.6634799235181644,0.7452229299363057,0.6284153005464481,0.7581706171034771,0.570731707317073
286,127,51,126,0.6983050847457627,0.711864406779661,0.6924939467312349,0.73070135839455,0.586046511627907
