Metric,Mean,Standard Deviation
TN,182.0,1.7320508075688772
FP,71.0,8.18535277187245
FN,38.333333333333336,4.932882862316248
TP,70.33333333333333,5.859465277082315
Accuracy,0.6980472709902025,0.018237990837923004
Sensitivity,0.6471153846153846,0.044136605452032705
Specificity,0.719931609393306,0.021776543913718388
ROC AUC,0.7301992799139646,0.019683273981461226
F1 Score,0.5626986964471735,0.028299889468971415
