TN,FP,FN,TP,Accuracy,Sensitivity,Specificity,ROC AUC,F1 Score
185,85,35,81,0.689119170984456,0.6982758620689655,0.6851851851851852,0.7468390804597702,0.5744680851063829
164,97,38,74,0.6380697050938338,0.6607142857142857,0.6283524904214559,0.6931102900930486,0.5229681978798587
172,84,34,76,0.6775956284153005,0.6909090909090909,0.671875,0.718075284090909,0.5629629629629629
