Metric,Mean,Standard Deviation
TN,274.0,28.583211855912904
FP,57.0,24.331050121192877
FN,62.333333333333336,13.428824718989123
TP,79.66666666666667,11.590225767142474
Accuracy,0.747514740931624,0.0274710629654718
Sensitivity,0.5618041582830314,0.08937805655486056
Specificity,0.8271560542553352,0.07628298787148922
ROC AUC,0.7326765592222012,0.026368971370960496
F1 Score,0.570835094896572,0.0171553932541239
