TN,FP,FN,TP,Accuracy,Sensitivity,Specificity,ROC AUC,F1 Score
166,104,44,72,0.616580310880829,0.6206896551724138,0.6148148148148148,0.6491698595146872,0.49315068493150693
166,76,38,66,0.6705202312138728,0.6346153846153846,0.6859504132231405,0.7129688493324856,0.5365853658536585
166,95,47,65,0.6193029490616622,0.5803571428571429,0.6360153256704981,0.6651272577996715,0.47794117647058826
