TN,FP,FN,TP,Accuracy,Sensitivity,Specificity,ROC AUC,F1 Score
217,168,58,107,0.5890909090909091,0.6484848484848484,0.5636363636363636,0.6552144824872097,0.48636363636363633
209,157,43,114,0.6175908221797323,0.7261146496815286,0.5710382513661202,0.7124708503010685,0.5327102803738318
306,107,55,122,0.7254237288135593,0.6892655367231638,0.7409200968523002,0.7332731426382676,0.6009852216748769
