Metric,Mean,Standard Deviation
TN,244.0,53.842362503887216
FP,144.0,32.51153641401772
FN,52.0,7.937253933193772
TP,114.33333333333333,7.505553499465135
Accuracy,0.6440351533614003,0.07191061411305331
Sensitivity,0.687955011629847,0.03883148999812113
Specificity,0.625198237284928,0.10028638278345142
ROC AUC,0.7003194918088486,0.040423139920711525
F1 Score,0.540019712804115,0.057659325409296594
