TN,FP,FN,TP,Accuracy,Sensitivity,Specificity,ROC AUC,F1 Score
172,91,35,78,0.6648936170212766,0.6902654867256637,0.6539923954372624,0.7308455869982166,0.5531914893617021
143,99,41,63,0.5953757225433526,0.6057692307692307,0.5909090909090909,0.6039216465352829,0.47368421052631576
134,127,39,73,0.5549597855227882,0.6517857142857143,0.5134099616858238,0.6077073070607553,0.467948717948718
