Metric,Mean,Standard Deviation
TN,166.0,0.0
FP,91.66666666666667,14.294521094927712
FN,43.0,4.58257569495584
TP,67.66666666666667,3.7859388972001824
Accuracy,0.6354678303854546,0.03038677825211157
Sensitivity,0.6118873942149804,0.028179763095988176
Specificity,0.6455935179028178,0.03652224890470329
ROC AUC,0.6757553222156147,0.03320082213387141
F1 Score,0.5025590757519179,0.030433100408462258
