TN,FP,FN,TP,Accuracy,Sensitivity,Specificity,ROC AUC,F1 Score
278,86,66,90,0.7076923076923077,0.5769230769230769,0.7637362637362637,0.7406839954916877,0.5421686746987951
298,68,67,90,0.7418738049713193,0.5732484076433121,0.8142076502732241,0.7529323726984789,0.5714285714285714
351,62,76,101,0.7661016949152543,0.5706214689265536,0.8498789346246973,0.7358175674751372,0.5941176470588234
