Metric,Mean,Standard Deviation
TN,309.0,37.72267222772003
FP,72.0,12.489995996796797
FN,69.66666666666667,5.507570547286102
TP,93.66666666666667,6.350852961085883
Accuracy,0.7385559358596271,0.02934570361265458
Sensitivity,0.5735976511643143,0.003165287366603998
Specificity,0.8092742828780617,0.043282716207973665
ROC AUC,0.7431446452217679,0.008818743520413739
F1 Score,0.5692382977287299,0.026043653861851028
