TN,FP,FN,TP,Accuracy,Sensitivity,Specificity,ROC AUC,F1 Score
240,124,47,109,0.6711538461538461,0.6987179487179487,0.6593406593406593,0.7412299239222317,0.5604113110539845
269,127,49,121,0.6890459363957597,0.711764705882353,0.6792929292929293,0.7564913844325609,0.5789473684210527
330,83,72,105,0.7372881355932204,0.5932203389830508,0.7990314769975787,0.7552359064855473,0.5753424657534247
