Metric,Mean,Standard Deviation
TN,248.66666666666666,15.373136743466942
FP,143.0,12.165525060596439
FN,49.333333333333336,6.027713773341708
TP,118.66666666666667,7.234178138070235
Accuracy,0.6565285864239513,0.006412409055919464
Sensitivity,0.7066997874035361,0.026530088974619573
Specificity,0.6350142221912158,0.017417767925622576
ROC AUC,0.7191042360292773,0.019351511482455036
F1 Score,0.5525253967303003,0.008384376645202717
