Metric,Mean,Standard Deviation
TN,219.0,30.512292604784715
FP,108.0,18.681541692269406
FN,50.333333333333336,11.718930554164631
TP,90.0,5.196152422706632
Accuracy,0.6617010524184351,0.02729050531113756
Sensitivity,0.6445479327578373,0.04953241034287152
Specificity,0.6690610307579448,0.0487069162929188
ROC AUC,0.7160632117661647,0.007040656657637886
F1 Score,0.5336597391536689,0.023688935709975715
