TN,FP,FN,TP,Accuracy,Sensitivity,Specificity,ROC AUC,F1 Score
184,105,37,87,0.6561743341404358,0.7016129032258065,0.6366782006920415,0.7185232726866838,0.5506329113924051
240,91,55,87,0.6913319238900634,0.6126760563380281,0.7250755287009063,0.7215437640951449,0.5437499999999998
233,128,59,96,0.6375968992248062,0.6193548387096774,0.6454293628808865,0.7081225985166653,0.5065963060686015
