Metric,Mean,Standard Deviation
TN,222.33333333333334,17.039170558842745
FP,104.66666666666667,19.55334583474995
FN,44.333333333333336,4.932882862316248
TP,96.0,11.532562594670797
Accuracy,0.6823364849576911,0.015900953947459332
Sensitivity,0.6836665152203544,0.01825536731683781
Specificity,0.6817654762588375,0.026916929979521817
ROC AUC,0.7446336504692063,0.003866478917264815
F1 Score,0.5639255712158237,0.011238038872729242
