TN,FP,FN,TP,Accuracy,Sensitivity,Specificity,ROC AUC,F1 Score
208,81,44,80,0.6973365617433414,0.6451612903225806,0.7197231833910035,0.7090635115526286,0.5614035087719299
219,112,48,94,0.6617336152219874,0.6619718309859155,0.6616314199395771,0.7131398663886642,0.5402298850574713
236,125,37,118,0.686046511627907,0.7612903225806451,0.6537396121883656,0.7772138325440086,0.5929648241206029
