TN,FP,FN,TP,Accuracy,Sensitivity,Specificity,ROC AUC,F1 Score
172,98,45,71,0.6295336787564767,0.6120689655172413,0.6370370370370371,0.6598020434227331,0.4982456140350877
157,85,32,72,0.661849710982659,0.6923076923076923,0.6487603305785123,0.7148363000635728,0.5517241379310345
168,88,32,78,0.6721311475409836,0.7090909090909091,0.65625,0.7045099431818181,0.5652173913043479
